[{"model": "sessions.session", "pk": "69c3sb1ia66v5rnpqvotb7uurooq9f9t", "fields": {"session_data": ".eJxVjLsKwzAMAP9FczF2sBIrY_d-Q5Alu05bbMhjKv33EsjQrnfHvWHifSvTvqZlmhVGcHD5ZZHlmeoh9MH13oy0ui1zNEdiTruaW9P0up7t36DwWmAEH5QoZBpy7piJPcdu8Iy2x0GdRQkimJUwJE_o-mglCWWHQV3KHcHnC-qrOCY:1wiOlY:Ol9R8w_ZxRl-SwpaZWn3OhvF2ENYC4avSbWjAoUpPSg", "expire_date": "2026-07-25T03:52:36.508Z"}}, {"model": "sessions.session", "pk": "coy7fp61eyib8cpefnigna2ssn1a61zh", "fields": {"session_data": ".eJxVjLsKwzAMAP9FczF2sBIrY_d-Q5Alu05bbMhjKv33EsjQrnfHvWHifSvTvqZlmhVGcHD5ZZHlmeoh9MH13oy0ui1zNEdiTruaW9P0up7t36DwWmAEH5QoZBpy7piJPcdu8Iy2x0GdRQkimJUwJE_o-mglCWWHQV3KHcHnC-qrOCY:1wicUU:n_R7OqXW4i0XELV3_XxBIO5uBHZijTj3v5aHG9N52io", "expire_date": "2026-07-25T18:31:54.168Z"}}, {"model": "sessions.session", "pk": "lwy87htho71owefeq855ufsa45sk8p02", "fields": {"session_data": ".eJxVjEEOgyAQAP-yZ2PEsAoee-8byLIsxdZgAnhq-vfGxEN7nZnMGxwdLbmjSnFrgAUUdL_ME78knyI8KT_2nvfcyur7M-kvW_v7HmS7Xe3fIFFNsIA2wVoT7RzjSGRJkx9nTThMOAc1IBtmjMGiEW1RTX5gYRsVmqAkjhY6qLRJdXyUIrm5mtbYYMHPF5s1QPw:1wj4l6:dRCnzcft8aYWc1LLVoUJ80uW-aNf2k1HRZRogOM2LAc", "expire_date": "2026-07-27T00:42:56.784Z"}}, {"model": "sessions.session", "pk": "qj2zwgdbyp0i7875vp3to4w7jpxg0pfu", "fields": {"session_data": ".eJxVjLsKwzAMAP9FczF2sBIrY_d-Q5Alu05bbMhjKv33EsjQrnfHvWHifSvTvqZlmhVGcHD5ZZHlmeoh9MH13oy0ui1zNEdiTruaW9P0up7t36DwWmAEH5QoZBpy7piJPcdu8Iy2x0GdRQkimJUwJE_o-mglCWWHQV3KHcHnC-qrOCY:1wjLPu:sgUvmV6RDvvduPIdcI9KoY2KV1xzIZww2PHSGGi6cRo", "expire_date": "2026-07-27T18:30:10.170Z"}}, {"model": "sessions.session", "pk": "wm2w79r3pv8jkke0x4nkob43gsxjh9w7", "fields": {"session_data": ".eJxVjEEKwyAQAP-y5yAxaNQce-8bZF3XmjYYUHMq_XsJ5NBeZ4Z5g8ejZ380rn6NsICE4ZcFpBeXU8QnlscuaC-9rkGcibhsE_c98na72r9BxpZhAWWjczY5k9KE6FBhmIxCPc7aRDlqskQ6RactK6flHEZicklqGyWnycEADTduno5auXTf8po6LObzBZs5QP4:1wieLq:vCqMSQOnJpYk5rdd0i4jZcqIr3vlN-GqAu5OSLAr5wg", "expire_date": "2026-07-25T20:31:06.104Z"}}, {"model": "accounts.user", "fields": {"password": "pbkdf2_sha256$600000$jMMVUlM0KtRzxQBeOUuS4R$XPDDmXl5NROVANFsvwYb3On+1DNn3yrwhK8nDQRmkKo=", "last_login": "2026-07-13T18:30:10.065Z", "is_superuser": true, "username": "admin", "first_name": "Administrador", "last_name": "Sistema", "email": "admin@facturacion.com", "is_staff": true, "date_joined": "2026-07-11T03:14:44.873Z", "phone": "", "role": "ADMIN", "is_active": true, "created_at": "2026-07-11T03:14:46.205Z", "updated_at": "2026-07-11T03:14:46.205Z", "groups": [], "user_permissions": []}}, {"model": "clients.client", "pk": 1, "fields": {"name": "Cliente Ejemplo SRL", "client_type": "COMPANY", "identification": "123456789", "email": "cliente@ejemplo.com", "phone": "809-555-0123", "address": "Calle Principal #456, Santo Domingo", "is_active": true, "created_at": "2024-01-01T00:00:00Z", "updated_at": "2024-01-01T00:00:00Z", "created_by": ["admin"]}}, {"model": "clients.client", "pk": 2, "fields": {"name": "Juan PÚrez", "client_type": "PERSON", "identification": "001-1234567-8", "email": "juan.perez@email.com", "phone": "809-555-0456", "address": "Calle Secundaria #789, Santo Domingo", "is_active": true, "created_at": "2024-01-01T00:00:00Z", "updated_at": "2024-01-01T00:00:00Z", "created_by": ["admin"]}}, {"model": "clients.client", "pk": 3, "fields": {"name": "Jose Manuel GarcÝa", "client_type": "PERSON", "identification": "402849375837", "email": "vickybeltre45@gmail.com", "phone": "8297487000", "address": "tgyhujikunbytvf5t5gyh 6ghujiuybtf 765fg6yhuji tgyhuhytr tgyhuygtrdrftgyh tyuygtf tyhujjutygyhytfrtyu tgyhujioiuy", "is_active": true, "created_at": "2026-07-11T03:26:06.522Z", "updated_at": "2026-07-11T03:26:06.522Z", "created_by": ["admin"]}}, {"model": "clients.client", "pk": 4, "fields": {"name": "Jean Carlos", "client_type": "PERSON", "identification": "40293469489", "email": "cuhfgkfgkfg90@gmail.com", "phone": "8297483653", "address": "tgyhujikunbytvf5t5gyh 6ghujiuybtf 765fg6yhuji tgyhuhytr tgyhuygtrdrftgyh tyuygtf tyhujjutygyhytfrtyu tgyhujioiuy", "is_active": true, "created_at": "2026-07-11T20:05:10.620Z", "updated_at": "2026-07-11T20:05:10.620Z", "created_by": ["admin"]}}, {"model": "clients.client", "pk": 5, "fields": {"name": "Leidy Laura", "client_type": "PERSON", "identification": "0019743947", "email": "vickybeltre45@gmail.com", "phone": "8297890002", "address": "tgyhujikunbytvf5t5gyh 6ghujiuybtf 765fg6yhuji tgyhuhytr tgyhuygtrdrftgyh tyuygtf tyhujjutygyhytfrtyu tgyhujioiuy", "is_active": true, "created_at": "2026-07-11T20:29:58.460Z", "updated_at": "2026-07-11T20:29:58.460Z", "created_by": ["admin"]}}, {"model": "providers.provider", "pk": 1, "fields": {"name": "TecnologÝa Total SRL", "provider_type": "NATIONAL", "rnc": "987654321", "email": "ventas@tecnologiatotal.com", "phone": "809-555-0789", "address": "Zona Franca Industrial #5", "contact_person": "MarÝa Fernßndez", "contact_phone": "809-555-0790", "website": "https://tecnologiatotal.com", "notes": "", "is_active": true, "created_at": "2024-01-01T00:00:00Z", "updated_at": "2024-01-01T00:00:00Z", "created_by": ["admin"]}}, {"model": "providers.provider", "pk": 2, "fields": {"name": "Distribuidora Moda SRL", "provider_type": "NATIONAL", "rnc": "456789123", "email": "info@distribuidoramoda.com", "phone": "809-555-0456", "address": "Plaza Comercial #45", "contact_person": "Carlos RodrÝguez", "contact_phone": "809-555-0457", "website": "https://distribuidoramoda.com", "notes": "", "is_active": true, "created_at": "2024-01-01T00:00:00Z", "updated_at": "2026-07-11T03:35:03.485Z", "created_by": ["admin"]}}, {"model": "providers.providerproduct", "pk": 1, "fields": {"provider": 1, "product": 1, "provider_code": "LAPTOP-PRO-001", "price": "34000.00", "delivery_time": 3, "is_preferred": true, "created_at": "2024-01-01T00:00:00Z", "updated_at": "2024-01-01T00:00:00Z"}}, {"model": "providers.providerproduct", "pk": 2, "fields": {"provider": 1, "product": 2, "provider_code": "SMART-X-002", "price": "21000.00", "delivery_time": 2, "is_preferred": true, "created_at": "2024-01-01T00:00:00Z", "updated_at": "2024-01-01T00:00:00Z"}}, {"model": "providers.providerproduct", "pk": 3, "fields": {"provider": 2, "product": 3, "provider_code": "CAMISA-CAS-001", "price": "750.00", "delivery_time": 5, "is_preferred": false, "created_at": "2024-01-01T00:00:00Z", "updated_at": "2024-01-01T00:00:00Z"}}, {"model": "products.category", "pk": 1, "fields": {"name": "Electr¾nicos", "description": "Productos electr¾nicos y tecnol¾gicos", "parent": null, "is_active": true, "created_at": "2024-01-01T00:00:00Z", "updated_at": "2024-01-01T00:00:00Z"}}, {"model": "products.category", "pk": 2, "fields": {"name": "Ropa", "description": "Prendas de vestir y accesorios", "parent": null, "is_active": true, "created_at": "2024-01-01T00:00:00Z", "updated_at": "2024-01-01T00:00:00Z"}}, {"model": "products.category", "pk": 3, "fields": {"name": "Alimentos", "description": "Productos alimenticios y bebidas", "parent": null, "is_active": true, "created_at": "2024-01-01T00:00:00Z", "updated_at": "2024-01-01T00:00:00Z"}}, {"model": "products.product", "pk": 1, "fields": {"code": "PROD001", "name": "Cokes Coco", "description": "Crujiente wafer con un exquisito relleno de crema de coco.", "category": 3, "unit": "UNIT", "price": "15.00", "cost": "10.00", "stock": 10, "min_stock": 5, "max_stock": 50, "is_active": true, "image": "products/galletas-de-coco.jpg", "created_at": "2024-01-01T00:00:00Z", "updated_at": "2026-07-13T00:36:03.219Z", "created_by": ["admin"]}}, {"model": "products.product", "pk": 2, "fields": {"code": "PROD002", "name": "Smartphone X", "description": "Smartphone ·ltima generaci¾n", "category": 1, "unit": "UNIT", "price": "20000.00", "cost": "15000.00", "stock": 40, "min_stock": 10, "max_stock": 100, "is_active": true, "image": "", "created_at": "2024-01-01T00:00:00Z", "updated_at": "2026-07-11T21:17:38.878Z", "created_by": ["admin"]}}, {"model": "products.product", "pk": 3, "fields": {"code": "PROD003", "name": "Cokes Lim¾n", "description": "Wafer con un refrescante relleno de crema sabor lim¾n.", "category": 3, "unit": "UNIT", "price": "15.00", "cost": "10.00", "stock": 67, "min_stock": 20, "max_stock": 150, "is_active": true, "image": "products/receta-mini-pound-cakes-limon.jpg", "created_at": "2024-01-01T00:00:00Z", "updated_at": "2026-07-13T00:38:51.866Z", "created_by": ["admin"]}}, {"model": "products.product", "pk": 4, "fields": {"code": "PROD004", "name": "Cokes Fresa", "description": "Galleta wafer rellena de una cremosa mezcla con sabor a fresa.", "category": 3, "unit": "UNIT", "price": "15.00", "cost": "10.00", "stock": 175, "min_stock": 30, "max_stock": 500, "is_active": true, "image": "products/cupcakes-de-fresa-receta.jpg", "created_at": "2024-01-01T00:00:00Z", "updated_at": "2026-07-13T00:40:57.905Z", "created_by": ["admin"]}}, {"model": "products.product", "pk": 5, "fields": {"code": "PROD005", "name": "Cokes Chocolate", "description": "Galleta wafer crujiente con un delicioso relleno de crema de chocolate.", "category": 3, "unit": "UNIT", "price": "15.00", "cost": "10.00", "stock": 80, "min_stock": 20, "max_stock": 300, "is_active": true, "image": "products/9827-chocolate-chocolate-chip-cookies-i--DDMFS-092-4x3-c8227481fd804270a50256498cf8f05f.jpg", "created_at": "2024-01-01T00:00:00Z", "updated_at": "2026-07-13T00:42:34.672Z", "created_by": ["admin"]}}, {"model": "products.product", "pk": 6, "fields": {"code": "PROD008", "name": "Cokes Vainilla", "description": "Wafer ligero con un suave y dulce relleno de vainilla.", "category": 3, "unit": "UNIT", "price": "15.00", "cost": "10.00", "stock": 64, "min_stock": 5, "max_stock": 100, "is_active": true, "image": "products/hq720.jpg", "created_at": "2026-07-11T03:42:00.237Z", "updated_at": "2026-07-13T00:40:57.909Z", "created_by": ["admin"]}}, {"model": "products.inventorymovement", "pk": 1, "fields": {"product": 5, "movement_type": "SALE", "quantity": 15, "previous_stock": 145, "new_stock": 130, "reference": "FAC-202607-0002", "notes": "", "created_at": "2026-07-11T20:26:08.258Z", "created_by": ["admin"]}}, {"model": "products.inventorymovement", "pk": 2, "fields": {"product": 4, "movement_type": "SALE", "quantity": 8, "previous_stock": 200, "new_stock": 192, "reference": "FAC-202607-0002", "notes": "", "created_at": "2026-07-11T20:26:08.262Z", "created_by": ["admin"]}}, {"model": "products.inventorymovement", "pk": 3, "fields": {"product": 3, "movement_type": "SALE", "quantity": 3, "previous_stock": 80, "new_stock": 77, "reference": "FAC-202607-0002", "notes": "", "created_at": "2026-07-11T20:26:08.267Z", "created_by": ["admin"]}}, {"model": "products.inventorymovement", "pk": 4, "fields": {"product": 1, "movement_type": "SALE", "quantity": 2, "previous_stock": 25, "new_stock": 23, "reference": "FAC-202607-0003", "notes": "", "created_at": "2026-07-11T20:28:22.964Z", "created_by": ["admin"]}}, {"model": "products.inventorymovement", "pk": 5, "fields": {"product": 6, "movement_type": "RETURN", "quantity": 4, "previous_stock": 96, "new_stock": 100, "reference": "DELETE-FAC-202607-0001", "notes": "Eliminaci¾n de venta FAC-202607-0001", "created_at": "2026-07-12T05:41:52.837Z", "created_by": ["admin"]}}, {"model": "products.inventorymovement", "pk": 6, "fields": {"product": 5, "movement_type": "RETURN", "quantity": 5, "previous_stock": 130, "new_stock": 135, "reference": "DELETE-FAC-202607-0001", "notes": "Eliminaci¾n de venta FAC-202607-0001", "created_at": "2026-07-12T05:41:52.847Z", "created_by": ["admin"]}}, {"model": "products.inventorymovement", "pk": 7, "fields": {"product": 5, "movement_type": "SALE", "quantity": 10, "previous_stock": 135, "new_stock": 125, "reference": "FAC-202607-0004", "notes": "", "created_at": "2026-07-13T00:35:08.972Z", "created_by": ["admin"]}}, {"model": "products.inventorymovement", "pk": 8, "fields": {"product": 1, "movement_type": "SALE", "quantity": 15, "previous_stock": 23, "new_stock": 8, "reference": "FAC-202607-0004", "notes": "", "created_at": "2026-07-13T00:35:08.980Z", "created_by": ["admin"]}}, {"model": "products.inventorymovement", "pk": 9, "fields": {"product": 1, "movement_type": "RETURN", "quantity": 2, "previous_stock": 8, "new_stock": 10, "reference": "DELETE-FAC-202607-0003", "notes": "Eliminaci¾n de venta FAC-202607-0003", "created_at": "2026-07-13T00:36:03.225Z", "created_by": ["admin"]}}, {"model": "products.inventorymovement", "pk": 10, "fields": {"product": 3, "movement_type": "SALE", "quantity": 10, "previous_stock": 77, "new_stock": 67, "reference": "FAC-202607-0005", "notes": "", "created_at": "2026-07-13T00:38:51.868Z", "created_by": ["admin"]}}, {"model": "products.inventorymovement", "pk": 11, "fields": {"product": 6, "movement_type": "SALE", "quantity": 15, "previous_stock": 100, "new_stock": 85, "reference": "FAC-202607-0005", "notes": "", "created_at": "2026-07-13T00:38:51.872Z", "created_by": ["admin"]}}, {"model": "products.inventorymovement", "pk": 12, "fields": {"product": 5, "movement_type": "SALE", "quantity": 20, "previous_stock": 125, "new_stock": 105, "reference": "FAC-202607-0006", "notes": "", "created_at": "2026-07-13T00:40:57.901Z", "created_by": ["admin"]}}, {"model": "products.inventorymovement", "pk": 13, "fields": {"product": 4, "movement_type": "SALE", "quantity": 17, "previous_stock": 192, "new_stock": 175, "reference": "FAC-202607-0006", "notes": "", "created_at": "2026-07-13T00:40:57.907Z", "created_by": ["admin"]}}, {"model": "products.inventorymovement", "pk": 14, "fields": {"product": 6, "movement_type": "SALE", "quantity": 21, "previous_stock": 85, "new_stock": 64, "reference": "FAC-202607-0006", "notes": "", "created_at": "2026-07-13T00:40:57.910Z", "created_by": ["admin"]}}, {"model": "products.inventorymovement", "pk": 15, "fields": {"product": 5, "movement_type": "SALE", "quantity": 25, "previous_stock": 105, "new_stock": 80, "reference": "FAC-202607-0007", "notes": "", "created_at": "2026-07-13T00:42:34.673Z", "created_by": ["admin"]}}, {"model": "sales.sale", "pk": 3, "fields": {"invoice_number": "FAC-202607-0002", "client": 3, "date": "2026-07-11T20:26:08.235Z", "subtotal": "9100.00", "discount": "0.00", "tax": "1638.00", "tax_rate": "18.00", "total": "10738.00", "payment_method": "TRANSFER", "status": "PAID", "notes": "", "created_by": ["admin"], "shift_number": 5, "created_at": "2026-07-11T20:26:08.235Z", "updated_at": "2026-07-11T20:26:08.249Z"}}, {"model": "sales.sale", "pk": 5, "fields": {"invoice_number": "FAC-202607-0004", "client": 4, "date": "2026-07-13T00:35:08.935Z", "subtotal": "375.00", "discount": "0.00", "tax": "30.00", "tax_rate": "8.00", "total": "405.00", "payment_method": "CASH", "status": "PAID", "notes": "", "created_by": ["admin"], "shift_number": 2, "created_at": "2026-07-13T00:35:08.936Z", "updated_at": "2026-07-13T00:35:08.959Z"}}, {"model": "sales.sale", "pk": 6, "fields": {"invoice_number": "FAC-202607-0005", "client": 2, "date": "2026-07-13T00:38:51.847Z", "subtotal": "375.00", "discount": "0.00", "tax": "18.75", "tax_rate": "5.00", "total": "393.75", "payment_method": "CASH", "status": "PAID", "notes": "", "created_by": ["admin"], "shift_number": 2, "created_at": "2026-07-13T00:38:51.847Z", "updated_at": "2026-07-13T00:38:51.861Z"}}, {"model": "sales.sale", "pk": 7, "fields": {"invoice_number": "FAC-202607-0006", "client": 5, "date": "2026-07-13T00:40:57.873Z", "subtotal": "870.00", "discount": "0.00", "tax": "156.60", "tax_rate": "18.00", "total": "1026.60", "payment_method": "CASH", "status": "PAID", "notes": "", "created_by": ["admin"], "shift_number": 2, "created_at": "2026-07-13T00:40:57.874Z", "updated_at": "2026-07-13T00:40:57.892Z"}}, {"model": "sales.sale", "pk": 8, "fields": {"invoice_number": "FAC-202607-0007", "client": 5, "date": "2026-07-13T00:42:34.658Z", "subtotal": "375.00", "discount": "0.00", "tax": "67.50", "tax_rate": "18.00", "total": "442.50", "payment_method": "CASH", "status": "PAID", "notes": "", "created_by": ["admin"], "shift_number": 4, "created_at": "2026-07-13T00:42:34.658Z", "updated_at": "2026-07-13T00:42:34.668Z"}}, {"model": "sales.saledetail", "pk": 3, "fields": {"sale": 3, "product": 5, "quantity": 15, "price": "180.00", "discount": "0.00", "total": "2700.00"}}, {"model": "sales.saledetail", "pk": 4, "fields": {"sale": 3, "product": 4, "quantity": 8, "price": "350.00", "discount": "0.00", "total": "2800.00"}}, {"model": "sales.saledetail", "pk": 5, "fields": {"sale": 3, "product": 3, "quantity": 3, "price": "1200.00", "discount": "0.00", "total": "3600.00"}}, {"model": "sales.saledetail", "pk": 7, "fields": {"sale": 5, "product": 5, "quantity": 10, "price": "15.00", "discount": "0.00", "total": "150.00"}}, {"model": "sales.saledetail", "pk": 8, "fields": {"sale": 5, "product": 1, "quantity": 15, "price": "15.00", "discount": "0.00", "total": "225.00"}}, {"model": "sales.saledetail", "pk": 9, "fields": {"sale": 6, "product": 3, "quantity": 10, "price": "15.00", "discount": "0.00", "total": "150.00"}}, {"model": "sales.saledetail", "pk": 10, "fields": {"sale": 6, "product": 6, "quantity": 15, "price": "15.00", "discount": "0.00", "total": "225.00"}}, {"model": "sales.saledetail", "pk": 11, "fields": {"sale": 7, "product": 5, "quantity": 20, "price": "15.00", "discount": "0.00", "total": "300.00"}}, {"model": "sales.saledetail", "pk": 12, "fields": {"sale": 7, "product": 4, "quantity": 17, "price": "15.00", "discount": "0.00", "total": "255.00"}}, {"model": "sales.saledetail", "pk": 13, "fields": {"sale": 7, "product": 6, "quantity": 21, "price": "15.00", "discount": "0.00", "total": "315.00"}}, {"model": "sales.saledetail", "pk": 14, "fields": {"sale": 8, "product": 5, "quantity": 25, "price": "15.00", "discount": "0.00", "total": "375.00"}}, {"model": "audit.auditlog", "pk": 1, "fields": {"user": ["admin"], "action": "LOGIN", "model_name": "User", "record_id": 1, "data_before": null, "data_after": null, "ip_address": "127.0.0.1", "user_agent": "Mozilla/5.0 (Windows NT 10.0; Win64; x64) AppleWebKit/537.36 (KHTML, like Gecko) Chrome/150.0.0.0 Safari/537.36 Edg/150.0.0.0", "created_at": "2026-07-11T03:24:13.497Z"}}, {"model": "audit.auditlog", "pk": 2, "fields": {"user": ["admin"], "action": "CREATE", "model_name": "Client", "record_id": 3, "data_before": null, "data_after": {"name": "Jose Manuel GarcÝa", "identification": "402849375837"}, "ip_address": "127.0.0.1", "user_agent": "Mozilla/5.0 (Windows NT 10.0; Win64; x64) AppleWebKit/537.36 (KHTML, like Gecko) Chrome/150.0.0.0 Safari/537.36 Edg/150.0.0.0", "created_at": "2026-07-11T03:26:06.535Z"}}, {"model": "audit.auditlog", "pk": 3, "fields": {"user": ["admin"], "action": "UPDATE", "model_name": "Provider", "record_id": 2, "data_before": {"name": "Distribuidora Moda SRL", "rnc": "456789123", "email": "info@distribuidoramoda.com", "phone": "809-555-0456"}, "data_after": {"name": "Distribuidora Moda SRL", "rnc": "456789123", "email": "info@distribuidoramoda.com"}, "ip_address": "127.0.0.1", "user_agent": "Mozilla/5.0 (Windows NT 10.0; Win64; x64) AppleWebKit/537.36 (KHTML, like Gecko) Chrome/150.0.0.0 Safari/537.36 Edg/150.0.0.0", "created_at": "2026-07-11T03:35:03.496Z"}}, {"model": "audit.auditlog", "pk": 4, "fields": {"user": ["admin"], "action": "LOGIN", "model_name": "User", "record_id": 1, "data_before": null, "data_after": null, "ip_address": "127.0.0.1", "user_agent": "Mozilla/5.0 (Windows NT 10.0; Win64; x64) AppleWebKit/537.36 (KHTML, like Gecko) Cursor/3.2.11 Chrome/142.0.7444.265 Electron/39.8.1 Safari/537.36", "created_at": "2026-07-11T03:52:36.463Z"}}, {"model": "audit.auditlog", "pk": 5, "fields": {"user": ["admin"], "action": "LOGOUT", "model_name": "User", "record_id": 1, "data_before": null, "data_after": null, "ip_address": "127.0.0.1", "user_agent": "Mozilla/5.0 (Windows NT 10.0; Win64; x64) AppleWebKit/537.36 (KHTML, like Gecko) Chrome/150.0.0.0 Safari/537.36 Edg/150.0.0.0", "created_at": "2026-07-11T18:05:03.898Z"}}, {"model": "audit.auditlog", "pk": 6, "fields": {"user": ["admin"], "action": "LOGIN", "model_name": "User", "record_id": 1, "data_before": null, "data_after": null, "ip_address": "127.0.0.1", "user_agent": "Mozilla/5.0 (Windows NT 10.0; Win64; x64) AppleWebKit/537.36 (KHTML, like Gecko) Chrome/150.0.0.0 Safari/537.36 Edg/150.0.0.0", "created_at": "2026-07-11T18:05:53.278Z"}}, {"model": "audit.auditlog", "pk": 7, "fields": {"user": ["admin"], "action": "LOGIN", "model_name": "User", "record_id": 1, "data_before": null, "data_after": null, "ip_address": "127.0.0.1", "user_agent": "Mozilla/5.0 (Windows NT 10.0; Win64; x64) AppleWebKit/537.36 (KHTML, like Gecko) Code/1.128.0 Chrome/148.0.7778.271 Electron/42.5.0 Safari/537.36", "created_at": "2026-07-11T19:31:49.556Z"}}, {"model": "audit.auditlog", "pk": 8, "fields": {"user": ["admin"], "action": "LOGIN", "model_name": "User", "record_id": 1, "data_before": null, "data_after": null, "ip_address": "192.168.1.11", "user_agent": "Mozilla/5.0 (Linux; Android 10; K) AppleWebKit/537.36 (KHTML, like Gecko) Chrome/131.0.0.0 Mobile Safari/537.36", "created_at": "2026-07-11T19:52:58.570Z"}}, {"model": "audit.auditlog", "pk": 9, "fields": {"user": ["admin"], "action": "LOGIN", "model_name": "User", "record_id": 1, "data_before": null, "data_after": null, "ip_address": "192.168.1.18", "user_agent": "Mozilla/5.0 (Windows NT 10.0; Win64; x64) AppleWebKit/537.36 (KHTML, like Gecko) Chrome/150.0.0.0 Safari/537.36 Edg/150.0.0.0", "created_at": "2026-07-11T19:59:06.853Z"}}, {"model": "audit.auditlog", "pk": 10, "fields": {"user": ["admin"], "action": "CREATE", "model_name": "Client", "record_id": 4, "data_before": null, "data_after": {"name": "Jean Carlos", "identification": "40293469489"}, "ip_address": "192.168.1.18", "user_agent": "Mozilla/5.0 (Windows NT 10.0; Win64; x64) AppleWebKit/537.36 (KHTML, like Gecko) Chrome/150.0.0.0 Safari/537.36 Edg/150.0.0.0", "created_at": "2026-07-11T20:05:10.634Z"}}, {"model": "audit.auditlog", "pk": 11, "fields": {"user": ["admin"], "action": "LOGOUT", "model_name": "User", "record_id": 1, "data_before": null, "data_after": null, "ip_address": "192.168.1.18", "user_agent": "Mozilla/5.0 (Windows NT 10.0; Win64; x64) AppleWebKit/537.36 (KHTML, like Gecko) Chrome/150.0.0.0 Safari/537.36 Edg/150.0.0.0", "created_at": "2026-07-11T20:07:26.056Z"}}, {"model": "audit.auditlog", "pk": 12, "fields": {"user": ["admin"], "action": "LOGIN", "model_name": "User", "record_id": 1, "data_before": null, "data_after": null, "ip_address": "192.168.1.18", "user_agent": "Mozilla/5.0 (Windows NT 10.0; Win64; x64) AppleWebKit/537.36 (KHTML, like Gecko) Chrome/150.0.0.0 Safari/537.36 Edg/150.0.0.0", "created_at": "2026-07-11T20:14:21.170Z"}}, {"model": "audit.auditlog", "pk": 13, "fields": {"user": ["admin"], "action": "CREATE", "model_name": "Sale", "record_id": 3, "data_before": null, "data_after": {"invoice_number": "FAC-202607-0002", "total": 10738.0, "status": "PAID"}, "ip_address": "192.168.1.18", "user_agent": "Mozilla/5.0 (Windows NT 10.0; Win64; x64) AppleWebKit/537.36 (KHTML, like Gecko) Chrome/150.0.0.0 Safari/537.36 Edg/150.0.0.0", "created_at": "2026-07-11T20:26:08.268Z"}}, {"model": "audit.auditlog", "pk": 14, "fields": {"user": ["admin"], "action": "CREATE", "model_name": "Sale", "record_id": 4, "data_before": null, "data_after": {"invoice_number": "FAC-202607-0003", "total": 106200.0, "status": "PAID"}, "ip_address": "192.168.1.18", "user_agent": "Mozilla/5.0 (Windows NT 10.0; Win64; x64) AppleWebKit/537.36 (KHTML, like Gecko) Chrome/150.0.0.0 Safari/537.36 Edg/150.0.0.0", "created_at": "2026-07-11T20:28:22.966Z"}}, {"model": "audit.auditlog", "pk": 15, "fields": {"user": ["admin"], "action": "CREATE", "model_name": "Client", "record_id": 5, "data_before": null, "data_after": {"name": "Leidy Laura", "identification": "0019743947"}, "ip_address": "192.168.1.18", "user_agent": "Mozilla/5.0 (Windows NT 10.0; Win64; x64) AppleWebKit/537.36 (KHTML, like Gecko) Chrome/150.0.0.0 Safari/537.36 Edg/150.0.0.0", "created_at": "2026-07-11T20:29:58.471Z"}}, {"model": "audit.auditlog", "pk": 16, "fields": {"user": ["admin"], "action": "LOGOUT", "model_name": "User", "record_id": 1, "data_before": null, "data_after": null, "ip_address": "127.0.0.1", "user_agent": "Mozilla/5.0 (Windows NT 10.0; Win64; x64) AppleWebKit/537.36 (KHTML, like Gecko) Chrome/150.0.0.0 Safari/537.36 Edg/150.0.0.0", "created_at": "2026-07-11T20:41:25.834Z"}}, {"model": "audit.auditlog", "pk": 17, "fields": {"user": ["admin"], "action": "LOGIN", "model_name": "User", "record_id": 1, "data_before": null, "data_after": null, "ip_address": "127.0.0.1", "user_agent": "Mozilla/5.0 (Windows NT 10.0; Win64; x64) AppleWebKit/537.36 (KHTML, like Gecko) Chrome/150.0.0.0 Safari/537.36 Edg/150.0.0.0", "created_at": "2026-07-11T20:48:20.912Z"}}, {"model": "audit.auditlog", "pk": 18, "fields": {"user": ["admin"], "action": "LOGOUT", "model_name": "User", "record_id": 1, "data_before": null, "data_after": null, "ip_address": "127.0.0.1", "user_agent": "Mozilla/5.0 (Windows NT 10.0; Win64; x64) AppleWebKit/537.36 (KHTML, like Gecko) Code/1.128.0 Chrome/148.0.7778.271 Electron/42.5.0 Safari/537.36", "created_at": "2026-07-11T20:51:02.301Z"}}, {"model": "audit.auditlog", "pk": 19, "fields": {"user": ["admin"], "action": "LOGIN", "model_name": "User", "record_id": 1, "data_before": null, "data_after": null, "ip_address": "127.0.0.1", "user_agent": "Mozilla/5.0 (Windows NT 10.0; Win64; x64) AppleWebKit/537.36 (KHTML, like Gecko) Code/1.128.0 Chrome/148.0.7778.271 Electron/42.5.0 Safari/537.36", "created_at": "2026-07-11T20:52:41.440Z"}}, {"model": "audit.auditlog", "pk": 20, "fields": {"user": ["admin"], "action": "LOGOUT", "model_name": "User", "record_id": 1, "data_before": null, "data_after": null, "ip_address": "192.168.1.11", "user_agent": "Mozilla/5.0 (Linux; Android 10; K) AppleWebKit/537.36 (KHTML, like Gecko) Chrome/131.0.0.0 Mobile Safari/537.36", "created_at": "2026-07-11T21:14:22.689Z"}}, {"model": "audit.auditlog", "pk": 21, "fields": {"user": ["admin"], "action": "LOGIN", "model_name": "User", "record_id": 1, "data_before": null, "data_after": null, "ip_address": "192.168.1.11", "user_agent": "Mozilla/5.0 (Linux; Android 10; K) AppleWebKit/537.36 (KHTML, like Gecko) Chrome/131.0.0.0 Mobile Safari/537.36", "created_at": "2026-07-11T21:14:38.808Z"}}, {"model": "audit.auditlog", "pk": 22, "fields": {"user": ["admin"], "action": "LOGOUT", "model_name": "User", "record_id": 1, "data_before": null, "data_after": null, "ip_address": "192.168.1.11", "user_agent": "Mozilla/5.0 (Linux; Android 10; K) AppleWebKit/537.36 (KHTML, like Gecko) Chrome/131.0.0.0 Mobile Safari/537.36", "created_at": "2026-07-11T21:20:14.535Z"}}, {"model": "audit.auditlog", "pk": 23, "fields": {"user": ["admin"], "action": "DELETE", "model_name": "Sale", "record_id": 1, "data_before": null, "data_after": {"deleted": true}, "ip_address": "127.0.0.1", "user_agent": "Mozilla/5.0 (Windows NT 10.0; Win64; x64) AppleWebKit/537.36 (KHTML, like Gecko) Chrome/150.0.0.0 Safari/537.36 Edg/150.0.0.0", "created_at": "2026-07-12T05:41:52.851Z"}}, {"model": "audit.auditlog", "pk": 24, "fields": {"user": ["admin"], "action": "CREATE", "model_name": "Sale", "record_id": 5, "data_before": null, "data_after": {"invoice_number": "FAC-202607-0004", "total": 405.0, "status": "PAID"}, "ip_address": "127.0.0.1", "user_agent": "Mozilla/5.0 (Windows NT 10.0; Win64; x64) AppleWebKit/537.36 (KHTML, like Gecko) Chrome/150.0.0.0 Safari/537.36 Edg/150.0.0.0", "created_at": "2026-07-13T00:35:08.982Z"}}, {"model": "audit.auditlog", "pk": 25, "fields": {"user": ["admin"], "action": "DELETE", "model_name": "Sale", "record_id": 2, "data_before": null, "data_after": {"deleted": true}, "ip_address": "127.0.0.1", "user_agent": "Mozilla/5.0 (Windows NT 10.0; Win64; x64) AppleWebKit/537.36 (KHTML, like Gecko) Chrome/150.0.0.0 Safari/537.36 Edg/150.0.0.0", "created_at": "2026-07-13T00:35:58.429Z"}}, {"model": "audit.auditlog", "pk": 26, "fields": {"user": ["admin"], "action": "DELETE", "model_name": "Sale", "record_id": 4, "data_before": null, "data_after": {"deleted": true}, "ip_address": "127.0.0.1", "user_agent": "Mozilla/5.0 (Windows NT 10.0; Win64; x64) AppleWebKit/537.36 (KHTML, like Gecko) Chrome/150.0.0.0 Safari/537.36 Edg/150.0.0.0", "created_at": "2026-07-13T00:36:03.235Z"}}, {"model": "audit.auditlog", "pk": 27, "fields": {"user": ["admin"], "action": "CREATE", "model_name": "Sale", "record_id": 6, "data_before": null, "data_after": {"invoice_number": "FAC-202607-0005", "total": 393.75, "status": "PAID"}, "ip_address": "127.0.0.1", "user_agent": "Mozilla/5.0 (Windows NT 10.0; Win64; x64) AppleWebKit/537.36 (KHTML, like Gecko) Chrome/150.0.0.0 Safari/537.36 Edg/150.0.0.0", "created_at": "2026-07-13T00:38:51.873Z"}}, {"model": "audit.auditlog", "pk": 28, "fields": {"user": ["admin"], "action": "CREATE", "model_name": "Sale", "record_id": 7, "data_before": null, "data_after": {"invoice_number": "FAC-202607-0006", "total": 1026.6, "status": "PAID"}, "ip_address": "127.0.0.1", "user_agent": "Mozilla/5.0 (Windows NT 10.0; Win64; x64) AppleWebKit/537.36 (KHTML, like Gecko) Chrome/150.0.0.0 Safari/537.36 Edg/150.0.0.0", "created_at": "2026-07-13T00:40:57.911Z"}}, {"model": "audit.auditlog", "pk": 29, "fields": {"user": ["admin"], "action": "CREATE", "model_name": "Sale", "record_id": 8, "data_before": null, "data_after": {"invoice_number": "FAC-202607-0007", "total": 442.5, "status": "PAID"}, "ip_address": "127.0.0.1", "user_agent": "Mozilla/5.0 (Windows NT 10.0; Win64; x64) AppleWebKit/537.36 (KHTML, like Gecko) Code/1.128.0 Chrome/148.0.7778.271 Electron/42.5.0 Safari/537.36", "created_at": "2026-07-13T00:42:34.676Z"}}, {"model": "audit.auditlog", "pk": 30, "fields": {"user": ["admin"], "action": "UPDATE", "model_name": "Shift", "record_id": 4, "data_before": null, "data_after": {"shift_closed": true, "next_shift": 5}, "ip_address": "127.0.0.1", "user_agent": "Mozilla/5.0 (Windows NT 10.0; Win64; x64) AppleWebKit/537.36 (KHTML, like Gecko) Code/1.128.0 Chrome/148.0.7778.271 Electron/42.5.0 Safari/537.36", "created_at": "2026-07-13T00:42:56.691Z"}}, {"model": "audit.auditlog", "pk": 31, "fields": {"user": ["admin"], "action": "LOGOUT", "model_name": "User", "record_id": 1, "data_before": null, "data_after": null, "ip_address": "127.0.0.1", "user_agent": "Mozilla/5.0 (Windows NT 10.0; Win64; x64) AppleWebKit/537.36 (KHTML, like Gecko) Chrome/150.0.0.0 Safari/537.36 Edg/150.0.0.0", "created_at": "2026-07-13T18:29:55.268Z"}}, {"model": "audit.auditlog", "pk": 32, "fields": {"user": ["admin"], "action": "LOGIN", "model_name": "User", "record_id": 1, "data_before": null, "data_after": null, "ip_address": "127.0.0.1", "user_agent": "Mozilla/5.0 (Windows NT 10.0; Win64; x64) AppleWebKit/537.36 (KHTML, like Gecko) Chrome/150.0.0.0 Safari/537.36 Edg/150.0.0.0", "created_at": "2026-07-13T18:30:10.122Z"}}, {"model": "company.companyconfig", "pk": 1, "fields": {"company_name": "Facturaci¾n Pro SRL", "commercial_name": "FacturaPro", "rnc": "123456789", "phone": "809-555-0100", "email": "info@facturapro.com", "website": "https://rosarioferreras145-tech.github.io/Rosariocakes-web/", "address": "Av. Abraham Lincoln #123", "city": "Santo Domingo", "country": "Rep·blica Dominicana", "tax_rate": "18.00", "currency": "DOP", "currency_symbol": "RD$", "invoice_prefix": "FAC", "invoice_sequence_start": 1, "next_invoice_number": 1, "report_logo": "", "footer_text": "", "timezone": "America/Santo_Domingo", "date_format": "%d/%m/%Y", "time_format": "%H:%M", "low_stock_alert_email": "", "low_stock_threshold": 5, "api_key": "", "webhook_url": "", "updated_at": "2026-07-11T19:47:01.724Z", "updated_by": null}}]
